"","x"
"1","the entire election was fought over hillary clintons emails and her ability to protect classified information and t…"
"2","it took trumps election to get people on the left to start singing the praises of north korea
this is a very rece…"
"3","we got a candidate we can unify behind

athlete council membershares what was behind their decision to vote f…"
"4","without more republicans in congress we were forced to increase spending on things we do not like or want in order to…"
"5","president trump appeared to express doubts about the metoo movement saying lives are being shattered and destroyed by a me…"
"6","molana samiulhaq is now officially running for senate election from khyber pakhtunkhwa pmln mpa arbab waseem proposes h…"
"7","we need to understand the enormity of the obamagate spying scandalit’s perv…"
"8","all of them in present govof poland are communists majority of parliament the party…"
"9","d enterprise whig mp for feathershoneshawe valley east"
"10","every election is important but thecongressional elections are as important as they get we need to take congress bac…"
"11","obama alumni are back – and they want to fight trumpstate magazine"
"12","…"
"13","sorry libseven with the constant fakenews americans still know truth when we see it
 democrats 
 republican…"
"14","remember when tel aviv rescheduled their election because of a britney spears concert"
"15","what do you call it when a british spy interferes with an american election answer russian collusion"
"16","negotiated a budget deal that includes tax benefits for a horse racing association based in kentucky tha…"
"17","or maybe its just me anything to add because we saw in the last election just what th…"
"18","this doesnt make any sensewhy will rahul gandhi take a dig at the cm of his very own…"
"19","there’s still time left to buy your ticket to theelection year kickoff reception with…"
"20","the message trump voters delivered last election is heard loud and clear"
"21","knows the issues on education help us bring her to frankfort for her special election on feb th …"
"22","nation with best army suffering badly due to cheap diplomacy for pastyrsnone of govt has taken a tough stand…"
"23","the election is nullampvoidwhy

the election was hacked
the election was hacked 
the election was…"
"24","new poll shows thatof americans believe that the obama government tried to prevent trump from winning the election…"
"25","naya pakistan the pir of bharchundi sharif mian mitho infamous because of several cases of forced conversion of hindu g…"
"26","welcome to meghalayagrabbed a copy of your party’s schedule where they mention that you might visit this b…"
"27","once upon a time a woman ran for president and after a campaign of rank sexism that included stalking her on a debate stage…"
"28","it is first time ever for a government to lose the local election"
"29","we need to understand the enormity of the obamagate spying scandalit’s perv…"
"30","we got a candidate we can unify behind

athlete council membershares what was behind their decision to vote f…"
"31","gujarat election over so is rahul gandhi’s ‘temple run’

karnataka poll campaign to start with his visit to sufi shrine

in…"
"32","so wapo and nytimesbeen following their headlines since the election talk about a complete hatred and degradation v…"
"33","costs on nonmilitary lines will never come down if we do not elect more republicans in theelection and beyond…"
"34","what happened in that athletes council room

 andreact to carlos cordeiro being elected us socc…"
"35","how hillary couldbeattrumpin

zero primary challengers
a worse vagina grabbing tape
a more racist trump
a bigger…"
"36","everyone wanted to know why comey came out right before the election amp talked about reopening the clinton investigation

her…"
"37","idaho you can register to vote online now heres how 
idaho bluewave bluewave thereisistanc…"
"38","perfect now if she would follow through and leave as she threatened to do after the election"
"39","emilys list has been making history and electing prochoice women for over thirty years im proud to have their endor…"
"40","another couple from church who were friends i was wthem st election night obama wonthey said…"
"41","former president george w bush theres pretty clear evidence that the russians meddled in thepresidential election http…"
"42","russia is not the biggest threat to our elections—facebook and youtube are democracy
democracyunderthreat
…"
"43","happy friday

celebrate with a video of nancy pelosi’s election day prediction saying “we will of course retain the w…"
"44","craze dey kind kind all man don calldialogue but cameroon no hear instead them de plan electionsenators how e go…"
"45","costs on nonmilitary lines will never come down if we do not elect more republicans in theelection and beyond…"
"46","the us intel community has concluded amp members of trump’s cabinet agree that the russians interfered in our election amp p…"
"47","bernie the guy hrcscheated via a documented rigged primary incouldbeattrumpin

only roadblock will b…"
"48","us soccer presidential election results cordeiro beats carter to replace gulati"
"49","italy fired their football fed president right after their qualifying failure
i can guarantee italy will q…"
"50","we need to understand the enormity of the obamagate spying scandalit’s perversion of justice to illeg…"
"51","want to make sure we have fair elections if you’re in chicago sign up to be an election judge today twill …"
"52","the election 
of trump
did not create 
the leftshate
it revealed it"
"53","we need to understand the enormity of the obamagate spying scandalit’s perversion of justice to illeg…"
"54","typical liberal her role model
 lost an all but guaranteed presidential election
 covers for her sexual…"
"55","nobody couldbeattrumpin 

the democrats have nobody

their party is a mess

as long as trump follows thru on his…"
"56","exclusive us secretly negotiated with russians to buy stolen nsa documents — and the russians offered tru…"
"57","seeing turnouts like this for amlo gives me a little hope that he may actually win this year’s election"
"58","i believe there are fair and very valid criticisms of trudeauliberalsbut good lord if the people kind thing is…"
"59","the obama administration not only improperly surveilled the trump campaign but tried to alter the election in favor of hi…"
"60","friends if you live here in floridaor know people who doyou have a special election this tuesdayplease vote for…"
"61","percent of democratspercent of republicans andpercent of independents believe that the obama administrati…"
"62","hillary list of crimes

steele dossier basis for fake fisa to over throw an election
deletedemails 
urani…"
"63","if my weight gain is any reflection to the voters on my ability to work hard then i shouldnt have no problems next…"
"64","president trump appeared to express doubts about the metoo movement saying lives are being shattered and destroyed by a me…"
"65","carlos cordeiro was elected president of the united states soccer federation"
"66","congress president shri rahul gandhi kick starts karnataka assembly election campaign starting with bellary today rginkar…"
"67","its problematic that a foreign nation is involved in our election system our democracy is only as good as people tr…"
"68","make sure we use this anger as motivation to vote in every election at every level of…"
"69","reminder trump said the election was rigged i think we need an investigation"
"70","the us intel community has concluded amp members of trump’s cabinet agree that the russians interfered in our election amp p…"
"71","friends if you live here in floridaor know people who doyou have a special election this tuesdayplease vote for…"
"72","the election was the revolution we are deplorablesthe fight for a truthful media continues"
"73","remember i said if you don’t do roads and build white elephant projects you’ll lose the same civil servants will tell the…"
"74","nowhere does scripture say god appoints every leader ruler or magistrate that is a gross bastardization of scripture use…"
"75","srilanka podu jana permuna party headed by former president mahinda rajapaksa claims victory in local council election in s…"
"76","californias postal workers saw this as normal"
"77","mark warner has demonstrated his unwillingness to accept election results and as such is a threat to our democracy as per…"
"78","…"
"79","percent of democratspercent of republicans andpercent of independents believe that the obama administrati…"
"80","happy friday

celebrate with a video of nancy pelosi’s election day prediction saying “we will of course retain the w…"
"81","mark warner has demonstrated his unwillingness to accept election results and as such is a threat to our democracy as per…"
"82","robocalls are abhorrent intrusions and not welcome i now regret how i voted i will remember th…"
"83","teamtrump what is the point of campaigning and fighting for americafirst and maga if we sit back and fold our hands as…"
"84","wasnt pa governor one of the biggest opponents of trumps election integrity council"
"85","i guess trump believes separating fathers fromyear old sons with cancer is in the interest of national secur…"
"86","happy friday

celebrate with a video of nancy pelosi’s election day prediction saying “we will of course retain the w…"
"87","without more republicans in congress we were forced to increase spending on things we do not like or want in order to…"
"88","“the president’s unceasing habit of making inflammatory and insensitive remarks is galvanizing opposition against him — espe…"
"89","i urge fellow kenyans to sacrifice anything they can to end electoral fraud it shouldnt be too easy to steal an electi…"
"90","ok wisconsin you know what to do



 hi im a resident of wi i would like gov walker to uphold hi…"
"91","in the year leading up to the election year thenfbi director james comey twice replaced the heads of counterintellige…"
"92","carlos cordeiro elected us soccer presidentussfpresident"
"93","modi is a master at manipulating opinions he has the luxury of a spineless media too"
"94","after months of exciting build up to this election withandleading the charge we’re left with th…"
"95","some say our election system isnt broken foolproof if true how did we end up with the likes ofand …"
"96","in the year leading up to the election year thenfbi director james comey twice replaced the heads of counterintellige…"
"97","in the article reporters say trump appeared to raise doubts about the entire metoo movement

if appeared mea…"
"98","yes allmillion of us are bots liberals state bot when they lack the intelli…"
"99","it would be hard for any group to match the kind of spending that georgesoros manages each election cycleit should be ver…"
"100","donald trump says central park five are guilty despite dna evidence"
